{"name":"456f497a-1634-496a-b04a-9319a04a5637","id":"/providers/Microsoft.Flow/flows/456f497a-1634-496a-b04a-9319a04a5637","type":"Microsoft.Flow/flows","properties":{"apiId":"/providers/Microsoft.PowerApps/apis/shared_logicflows","displayName":"PowerApps button","definition":{"metadata":{"workflowEntityId":null,"creator":{"id":"da08322c-ef1c-4716-bcd6-2ab5c44370de","type":"User","tenantId":"c4fbe4aa-45d1-4fd7-ad05-137d38fa55b5"},"provisioningMethod":"FromDefinition","failureAlertSubscription":true,"clientLastModifiedTime":"2019-01-09T09:43:23.5812415Z"},"$schema":"https://schema.management.azure.com/providers/Microsoft.Logic/schemas/2016-06-01/workflowdefinition.json#","contentVersion":"1.0.0.0","parameters":{"$connections":{"defaultValue":{},"type":"Object"},"$authentication":{"defaultValue":{},"type":"SecureObject"}},"triggers":{"manual":{"type":"Request","kind":"PowerApp","inputs":{"schema":{"type":"object","required":[],"properties":{}}}}},"actions":{"Describe_Image":{"runAfter":{},"metadata":{"flowSystemMetadata":{"swaggerOperationId":"DescribeImage"}},"type":"ApiConnection","inputs":{"host":{"connection":{"name":"@json(decodeBase64(triggerOutputs().headers['X-MS-APIM-Tokens']))['$connections']['shared_cognitiveservicescomputervision']['connectionId']"},"api":{"runtimeUrl":"https://flow-apim-europe-001-westeurope-01.azure-apim.net/apim/cognitiveservicescomputervision"}},"method":"post","body":"@dataUriToBinary(triggerBody()['DescribeImage_ImageContent'])","path":"/vision/v1.0/describe","queries":{"format":"Image Content"},"authentication":{"type":"Raw","value":"@json(decodeBase64(triggerOutputs().headers['X-MS-APIM-Tokens']))['$ConnectionKey']"}}},"Respond_to_PowerApps":{"runAfter":{"Create_a_new_record":["Succeeded"]},"type":"Response","kind":"PowerApp","inputs":{"statusCode":200,"body":{"title":"@variables('CaptionText')","caseid":"@body('Create_a_new_record')?['incidentid']"},"schema":{"type":"object","properties":{"title":{"title":"Title","type":"string","x-ms-dynamically-added":true},"caseid":{"title":"caseid","type":"string","x-ms-dynamically-added":true}}}}},"Initialize_variable":{"runAfter":{"Describe_Image":["Succeeded"]},"type":"InitializeVariable","inputs":{"variables":[{"name":"CaptionText","type":"String"}]}},"Apply_to_each":{"foreach":"@body('Describe_Image')?['description']?['captions']","actions":{"Append_to_string_variable":{"runAfter":{},"type":"AppendToStringVariable","inputs":{"name":"CaptionText","value":"@items('Apply_to_each')?['text']"}}},"runAfter":{"Initialize_variable":["Succeeded"]},"type":"Foreach"},"Create_a_new_record":{"runAfter":{"Apply_to_each":["Succeeded"]},"metadata":{"flowSystemMetadata":{"swaggerOperationId":"PostItem"}},"type":"ApiConnection","inputs":{"host":{"connection":{"name":"@json(decodeBase64(triggerOutputs().headers['X-MS-APIM-Tokens']))['$connections']['shared_dynamicscrmonline']['connectionId']"},"api":{"runtimeUrl":"https://flow-apim-europe-001-francecentral-01.azure-apim.net/apim/dynamicscrmonline"}},"method":"post","body":{"title":"@variables('CaptionText')","_casetypecode_label":"Problem","primarycontactid":"@triggerBody()['Createanewrecord_Contact']","_customerid_value":"@triggerBody()['Createanewrecord_Customer']","_customerid_type":"contacts","_caseorigincode_label":"Web","merged":false,"activitiescomplete":false,"tsp_base64imagecode":"@{triggerBody()['DescribeImage_ImageContent']}","blockedprofile":false,"_incidentstagecode_label":"Default Value","checkemail":false,"customercontacted":false,"decremententitlementterm":true,"isdecrementing":false,"firstresponsesent":false,"_firstresponseslastatus_label":"In Progress","followuptaskcreated":false,"isescalated":false,"_prioritycode_label":"Normal","adx_publishtoweb":false,"_resolvebyslastatus_label":"In Progress","routecase":true,"_severitycode_label":"Default Value"},"path":"/datasets/@{encodeURIComponent(encodeURIComponent('org2ede3245.crm4'))}/tables/@{encodeURIComponent(encodeURIComponent('incidents'))}/items","authentication":{"type":"Raw","value":"@json(decodeBase64(triggerOutputs().headers['X-MS-APIM-Tokens']))['$ConnectionKey']"}}}},"outputs":{},"description":"Create one or more actions to happen when a button or link in PowerApps is selected. To use this flow from a PowerApp, select the control you want to trigger the flow and go to the Action tab in the PowerApps ribbon and select Flows."},"connectionReferences":{"shared_cognitiveservicescomputervision":{"connectionName":"shared-cognitiveserv-dfaab398-fa62-431d-9966-549f7905bbb5","source":"Invoker","id":"/providers/Microsoft.PowerApps/apis/shared_cognitiveservicescomputervision","tier":"NotSpecified"},"shared_dynamicscrmonline":{"connectionName":"2077be1e095443d499755866ffa3c8ab","source":"Invoker","id":"/providers/Microsoft.PowerApps/apis/shared_dynamicscrmonline","tier":"NotSpecified"}},"flowFailureAlertSubscribed":false}}