{"schemaVersion":"1.0","appDefinitionTemplate":{"id":"/providers/Microsoft.PowerApps/apps/","type":"Microsoft.PowerApps/apps","tags":{"minimumRequiredApiVersion":"2.2.0"},"properties":{"appVersion":"2019-01-09T09:46:34Z","lifeCycleId":"Published","createdByClientVersion":{"major":3,"minor":18122,"build":23,"revision":0,"majorRevision":0,"minorRevision":0},"minClientVersion":{"major":3,"minor":18122,"build":23,"revision":0,"majorRevision":0,"minorRevision":0},"backgroundColor":"rgba(0, 176, 240, 1)","backgroundImageUri":"/3224195553503875566/N0ca05122-34a4-4ab5-ac89-bdb904784ccc-logoSmallFile","displayName":"CaseAssistant EDU","description":"","appUris":{"documentUri":{"value":"/3224195553503875566/N26152cec-9d52-487e-9def-1164130373d4-document.msapp","readonlyValue":"/3224195553503875566/N26152cec-9d52-487e-9def-1164130373d4-document.msapp"},"imageUris":[]},"createdTime":"0001-01-01T00:00:00Z","lastModifiedTime":"0001-01-01T00:00:00Z","sharedGroupsCount":0,"sharedUsersCount":0,"icons":{"smallIconUri":"/3224195553503875566/N296fe279-9794-4e4a-a6b1-280ecf0d9604-small.png","mediumIconUri":"/3224195553503875566/N85545cfd-6609-472c-a7c2-f61fdf6e5184-medium.png","largeIconUri":"/3224195553503875566/Nc0fd24c6-8c21-4d05-9964-de7cd195dcc9-large.png","wideIconUri":"/3224195553503875566/N4acfffbe-d891-4ccb-af7f-0162e348ec5d-wide.png"},"connectionReferences":{"4074b655-723f-446d-96fa-0e2689d02f24":{"id":"9e384f1e-1a48-4a01-a35c-84036ce56206","displayName":"Dynamics 365","iconUri":"https://connectoricons-prod.azureedge.net/dynamicscrmonline/icon_1.0.1008.1183.png","dataSources":["Cases"],"dependencies":[],"dependents":["b56db3ef-86bc-412b-964e-7f01318961e6"],"parameterHints":{},"isOnPremiseConnection":false,"bypassConsent":false,"dataSets":{"org2ede3245.crm4":{"dataSources":{"Cases":{"tableName":"incidents"}}}},"apiTier":"Standard","isCustomApiConnection":false},"d9ff15e1-0ac4-4e2a-930e-87b259e6fce8":{"id":"579212a5-36c4-4fc3-a926-6bae24cdbdc3","displayName":"Common Data Service","iconUri":"https://connectoricons-prod.azureedge.net/commondataservice/icon_1.0.1002.1175.png","dataSources":["Users","Contacts"],"dependencies":[],"dependents":[],"parameterHints":{},"isOnPremiseConnection":false,"bypassConsent":false,"dataSets":{"default.cds":{"dataSources":{"Users":{"tableName":"systemusers"},"Contacts":{"tableName":"contacts"}}}},"apiTier":"Premium","isCustomApiConnection":false},"b56db3ef-86bc-412b-964e-7f01318961e6":{"id":"51d92b0b-3c44-4a00-a071-1e2bf00084e4","displayName":"Logic flows","iconUri":"https://resourcestackdeploy.blob.core.windows.net/scripts/13276078.png","dataSources":["PowerAppsbutton"],"dependencies":["eafbb906-5a1d-4176-a8e8-8a3846a9af5c","4074b655-723f-446d-96fa-0e2689d02f24"],"dependents":[],"parameterHints":{"workflowName":{"value":"a0fed4fd-9c7a-4257-b3ba-5becb03ffa70"},"eafbb906-5a1d-4176-a8e8-8a3846a9af5c":{"value":"shared_cognitiveservicescomputervision"},"4074b655-723f-446d-96fa-0e2689d02f24":{"value":"shared_dynamicscrmonline"}},"isOnPremiseConnection":false,"bypassConsent":false,"dataSets":{},"apiTier":"Standard","isCustomApiConnection":false},"eafbb906-5a1d-4176-a8e8-8a3846a9af5c":{"id":"53feb75b-0aa8-41ea-a424-f87170521603","displayName":"Computer Vision API","iconUri":"https://connectoricons-prod.azureedge.net/cognitiveservicescomputervision/icon_1.0.1046.1227.png","dataSources":[],"dependencies":[],"dependents":["b56db3ef-86bc-412b-964e-7f01318961e6"],"parameterHints":{},"isOnPremiseConnection":false,"sharedConnectionId":"3ef08aa5-e43f-4afb-a695-8657533d562f","bypassConsent":false,"dataSets":{},"apiTier":"Standard","isCustomApiConnection":false}},"almMode":"Environment"}}}